{
    "bindings": [
      {
        "authLevel": "anonymous",
        "type": "httpTrigger",
        "direction": "in",
        "name": "req",
        "methods": [
          "get",
          "post"
        ],
        "route": "/{*page}"
      },
      {
        "type": "http",
        "direction": "out",
        "name": "res"
      },
      {
        "type": "cosmosDB",
        "direction": "out",
        "name": "outputDocument",
        "databaseName": "counter-app-db",
        "collectionName": "coll",
        "createIfNotExists": false,
        "connectionStringSetting": "CosmosDbConnectionString"
      },
      {
        "type": "cosmosDB",
        "direction": "in",
        "name": "inputDocument",
        "databaseName": "counter-app-db",
        "collectionName": "coll",
        "connectionStringSetting": "CosmosDbConnectionString",
        "sqlQuery": "SELECT * from coll where coll.id = '1'"
      }
    ]
  }
  